fname,nationality,dob,gender,id,cust_ref_id
MAKHTAB KHIDAMAT,\N,\N,\N,14952,DIGI218#14952
MAKHTAB AL-KHIDAMAT,\N,\N,\N,14951,DIGI239#14951
dawood,,13-05-1965,Male,14950,Trustin-1710403262691
Shaykh,IRAN,13-05-1943,Male,14943,Trustin-1710400558689
Parvez,INDIA,01-03-1977,Male,14936,Trustin-1710361855935
Naidu,INDIA,01-03-1977,Male,14935,Trustin-1710361830420
Parvez,INDIA,01-03-1977,Male,14934,Trustin-1710361797156
MAHAD KARATE,\N,\N,\N,14923,DIGI588#14923
ANTHONY BRONSON,\N,\N,\N,14919,DIGI700#14919
Anil Ambani,INDIA,15-02-1972,\N,14904,DIGI754#14904
Ismatullah Khalozai,\N,\N,\N,14878,DIGI802#14878
Alaa Khanfurah,\N,\N,\N,14877,DIGI124#14877
ibrahim,\N,\N,Male,14819,Trustin-1710132994879
ibrahim,\N,\N,\N,14815,Trustin-1710132912720
MUHAMMAD ZUNAIR TARIQ MAHMOOD,,13-11-1993,,14810,#NAME?
PAVEL KOTOV,RUSSIAN FEDERATION,28-10-1987,Male,14778,DIGI739#14778
Fahad Bin Saleh bin Abdulaziz Al Rajhi,SAUDI ARABIA,09-05-1986,\N,14775,DIGI313#14774-sh1
Abdulaziz Saleh A Alrajh,SAUDI ARABIA,07-07-1989,\N,14773,DIGI276#14770-sh3
Sultan Saleh A Al Rajhi,SAUDI ARABIA,14-04-1989,\N,14772,DIGI276#14770-sh2
HASSAN SAEED OBAID BINDARWISH ALSHAMSI,UNITED ARAB EMIRATES,\N,\N,14767,DIGI164#14765-sh2
ABDUL BASHEER ASANARU PILLA,INDIA,20-03-1956,\N,14766,DIGI164#14765-sh1
ABDUL BASHEER ASANARU PILLA,INDIA,16-03-1956,Male,14764,DIGI996#14764
ibrahim,\N,\N,\N,14688,Trustin-1709811038437
ibrahim,\N,\N,\N,14685,Trustin-1709811006881
ibrahim,\N,\N,\N,14682,Trustin-1709810980311
Sultan Saleh A Al Rajhi,SAUDI ARABIA,\N,\N,14629,DIGI681#14627-sh2
Abdulaziz Saleh A Al Rajhi,SAUDI ARABIA,07-07-1989,\N,14628,DIGI681#14627-sh1
sanjay berry,INDIA,\N,\N,14626,DIGI656#14624-sh2
reliable freight services fzco,UNITED ARAB EMIRATES,11-12-2019,\N,14624,DIGI656#14624
hamza amjad amjad ali,PAKISTAN,29-11-1990,Male,14623,DIGI829#14623
Fazal Rahim,AFGHANISTAN,\N,\N,14620,DIGI607#14620
Tata Telecom,UNITED ARAB EMIRATES,\N,\N,14557,DIGI457#14557
Tata Telecom,UNITED ARAB EMIRATES,02-01-2000,\N,14554,DIGI413#14554
Muhammad,,28-02-1987,,14553,#NAME?
Ibrahim Kozazhi,INDIA,09-09-2000,\N,14548,DIGI485#14547-sh1
fazal rahim,AFGHANISTAN,\N,\N,14546,DIGI973#14546
Casey,UNITED STATES,\N,\N,14526,Trustin-1709100024819
Ramesh Kumar Jain,INDIA,15-05-1964,\N,14524,DIGI521#14524
Casey,UNITED STATES,\N,Male,14512,Trustin-1709016353496
Casey,UNITED STATES,\N,Male,14511,Trustin-1709016350965
muhammed taher anwari,AFGHANISTAN,01-01-1960,\N,14494,DIGI322#14494
muhammed taher anwari,AFGHANISTAN,01-01-1960,\N,14493,DIGI606#14493
APOLLINAIRE HAKIZIMANA,RWANDA,\N,\N,14391,DIGI741#14391
alcotech,\N,\N,\N,14375,DIGI846#14375
YUSUF QARDAWI,\N,\N,\N,14374,DIGI812#14374
AMADOU KOUFA,\N,\N,\N,14367,DIGI252#14367
muhammad ibrahim,INDIA,\N,\N,14366,DIGI187#14366
fazal Rahim,AFGHANISTAN,\N,\N,14365,DIGI348#14365
Fazal Rahim,\N,\N,\N,14363,DIGI289#14363
Nara Chandrababu Naidu,INDIA,\N,Male,14360,DIGI346#14360
Nara Chandrababu Naidu,\N,\N,\N,14359,DIGI367#14359
ZOOM Telematics corporation  ,UNITED ARAB EMIRATES,19-01-2000,\N,14354,DIGI970#14354
state bank of india,UNITED ARAB EMIRATES,\N,\N,14332,DIGI862#14332
satish menon,0,\N,\N,14330,DIGI359#14329-sh1
ZARA CORPORATION,\N,\N,\N,14329,DIGI359#14329
state bank of india,UNITED ARAB EMIRATES,03-09-2000,\N,14328,DIGI428#14328
ZOOM Telematics corporation,UNITED ARAB EMIRATES,18-10-2016,\N,14324,DIGI860#14324
ayub bashir,AFGHANISTAN,\N,\N,14272,DIGI628#14269-sh3
donlad trump,UNITED STATES,\N,\N,14271,DIGI628#14269-sh2
Anand kumar,INDIA,\N,\N,14270,DIGI628#14269-sh1
Wave Tech Computer LLC,\N,\N,\N,14269,DIGI628#14269
dawood,INDIA,\N,\N,14266,DIGI701#14265-sh1
trump corporation,UNITED STATES,\N,\N,14265,DIGI701#14265
Parent Companys,Belgium,15-02-2024,\N,14242,DIGI14242
